id;first_name;last_name;email;adress
1;Richie;Blanda;Cristobal47@hotmail.com;Bedfordshire Fort
2;Frederic;Toy;Philip_Wehner4@gmail.com;seize
3;Deanna;Bernhard;Nichole12@yahoo.com;synthesize Account
4;Odessa;Walter;Lavon83@yahoo.com;withdrawal
5;Kennedy;Kohler;Zachariah38@hotmail.com;Steel Serbian Account
6;Kristoffer;Deckow;Rosa_Kozey@hotmail.com;strategic Future Chips
7;Rasheed;Wisozk;Robin_Rippin31@gmail.com;wireless International
8;Clemens;O'Keefe;Yoshiko_Graham@hotmail.com;Borders
9;Ron;Smitham;Felipa.Cormier@yahoo.com;Rupee Legacy Handcrafted
10;Grover;Schuster;Dale.Wyman@gmail.com;withdrawal e-business SMS
